Category,Total,Positive,Negative,GAP,Percentage
F,"[1632, 1632, 1632, 1632]","[178, 101, 258, 1374]","[1454, 1531, 1374, 258]","[0.07303370786516854, 0.0, 0.10465116279069768, 0.9614264919941776]","[0.46842105263157896, 0.554945054945055, 0.48134328358208955, 0.47924659923264734]"
M,"[1771, 1771, 1771, 1771]","[202, 81, 278, 1493]","[1569, 1690, 1493, 278]","[0.0297029702970297, 0.0, 0.03597122302158273, 0.9631614199598124]","[0.531578947368421, 0.44505494505494503, 0.5186567164179104, 0.5207534007673527]"
