sex,slvh,dlv,composite,no_finding
F,0.46254071661237783,0.5608695652173913,0.40310077519379844,0.9647371922821024
M,0.4367816091954023,0.6431718061674009,0.36792452830188677,0.9664429530201343
