age_decile,slvh,dlv,composite,no_finding
0-20,,,,1.0
20-40,0.6458333333333334,0.6304347826086957,0.49230769230769234,0.9963503649635036
40-60,0.37777777777777777,0.5794392523364486,0.34101382488479265,0.9675675675675676
60-80,0.4298780487804878,0.6027397260273972,0.36658354114713215,0.9606705351386202
80+,0.5454545454545454,0.611764705882353,0.4609375,0.959079283887468
