sex,slvh,dlv,composite,no_finding
F,0.18023255813953487,0.0,0.15546218487394958,0.9317137229152987
M,0.0,0.0,0.0,1.0
