Category,Total,Positive,Negative,GAP,Percentage
60-80,"[1507, 1507, 1507, 1507]","[112, 66, 174, 1333]","[1395, 1441, 1333, 174]","[0.38392857142857145, 0.015151515151515152, 0.7298850574712644, 0.23105776444111029]","[0.2955145118733509, 0.32195121951219513, 0.3320610687022901, 0.433636955107352]"
80+,"[388, 388, 388, 388]","[64, 17, 75, 313]","[324, 371, 313, 75]","[0.78125, 0.0, 0.8266666666666667, 0.24281150159744408]","[0.16886543535620052, 0.08292682926829269, 0.1431297709923664, 0.1018217306441119]"
40-60,"[1404, 1404, 1404, 1404]","[197, 117, 267, 1137]","[1207, 1287, 1137, 267]","[0.467005076142132, 0.008547008547008548, 0.7715355805243446, 0.33948988566402816]","[0.5197889182058048, 0.5707317073170731, 0.5095419847328244, 0.36987638256343525]"
20-40,"[293, 293, 293, 293]","[6, 5, 8, 285]","[287, 288, 285, 8]","[1.0, 0.0, 1.0, 0.17894736842105263]","[0.0158311345646438, 0.024390243902439025, 0.015267175572519083, 0.09271307742355238]"
0-20,"[6, 6, 6, 6]","[0, 0, 0, 6]","[6, 6, 6, 0]","[0, 0, 0, 0.0]","[0.0, 0.0, 0.0, 0.001951854261548471]"
