age_decile,slvh,dlv,composite,no_finding
0-20,,,,0.0
20-40,1.0,0.0,1.0,0.17894736842105263
40-60,0.467005076142132,0.008547008547008548,0.7715355805243446,0.33948988566402816
60-80,0.38392857142857145,0.015151515151515152,0.7298850574712644,0.23105776444111029
80+,0.78125,0.0,0.8266666666666667,0.24281150159744408
