sex,slvh,dlv,composite,no_finding
F,1.0,0.019801980198019802,1.0,0.0
M,0.005291005291005291,0.0,0.5631768953068592,0.4996956786366403
