sex,slvh,dlv,composite,no_finding
F,0.41578947368421054,0.900990099009901,0.08502024291497975,0.9461914744933613
M,0.0,0.5480769230769231,0.0,1.0
