Category,Total,Positive,Negative,GAP,Percentage
20-40,"[506, 506, 506, 506]","[24, 48, 71, 435]","[482, 458, 435, 71]","[0.5833333333333334, 0.0, 0.9014084507042254, 0.5678160919540229]","[0.07430340557275542, 0.13953488372093023, 0.11754966887417219, 0.14045850823377462]"
40-60,"[933, 933, 933, 933]","[81, 92, 147, 786]","[852, 841, 786, 147]","[0.4567901234567901, 0.0, 0.38095238095238093, 0.5267175572519084]","[0.25077399380804954, 0.26744186046511625, 0.2433774834437086, 0.2537939941879238]"
60-80,"[1735, 1735, 1735, 1735]","[142, 155, 272, 1463]","[1593, 1580, 1463, 272]","[0.39436619718309857, 0.0, 0.4852941176470588, 0.5700615174299385]","[0.43962848297213625, 0.45058139534883723, 0.4503311258278146, 0.4723926380368098]"
80+,"[509, 509, 509, 509]","[76, 37, 102, 407]","[433, 472, 407, 102]","[0.3684210526315789, 0.0, 0.5098039215686274, 0.4201474201474201]","[0.23529411764705882, 0.10755813953488372, 0.16887417218543047, 0.1314175008072328]"
0-20,"[18, 18, 18, 18]","[0, 12, 12, 6]","[18, 6, 6, 12]","[0, 0.0, 1.0, 0.6666666666666666]","[0.0, 0.03488372093023256, 0.019867549668874173, 0.0019373587342589602]"
