sex,slvh,dlv,composite,no_finding
F,0.994413407821229,0.6894736842105263,1.0,0.0
M,0.0,0.0,0.26785714285714285,0.7721598002496879
