sex,slvh,dlv,composite,no_finding
F,0.7541899441340782,0.0,0.9753086419753086,0.04548494983277592
M,0.0,0.0,0.0,1.0
