age_decile,slvh,dlv,composite,no_finding
0-20,,0.0,1.0,0.6666666666666666
20-40,0.5833333333333334,0.0,0.9014084507042254,0.5678160919540229
40-60,0.4567901234567901,0.0,0.38095238095238093,0.5267175572519084
60-80,0.39436619718309857,0.0,0.4852941176470588,0.5700615174299385
80+,0.3684210526315789,0.0,0.5098039215686274,0.4201474201474201
