sex,slvh,dlv,composite,no_finding
F,0.9545454545454546,0.0,0.9957983193277311,0.004527813712807244
M,0.0,0.0,0.0,0.9988297249853716
