age_decile,slvh,dlv,composite,no_finding
0-20,,,,0.03225806451612903
20-40,0.25,0.0,0.6911764705882353,0.45726495726495725
40-60,0.273972602739726,0.0,0.312,0.4732650739476678
60-80,0.589041095890411,0.0,0.5721649484536082,0.6191693290734824
80+,0.4925373134328358,0.0,0.4166666666666667,0.36538461538461536
