sex,slvh,dlv,composite,no_finding
F,0.1038961038961039,0.8141592920353983,0.16806722689075632,0.9010349288486417
M,0.0,0.0,0.0,1.0
