Category,Total,Positive,Negative,GAP,Percentage
60-80,"[1654, 1654, 1654, 1654]","[176, 102, 265, 1389]","[1478, 1552, 1389, 265]","[1.0, 0.0, 0.8943396226415095, 0.1216702663786897]","[0.4631578947368421, 0.5604395604395604, 0.4944029850746269, 0.48447854900592957]"
20-40,"[267, 267, 267, 267]","[21, 7, 26, 241]","[246, 260, 241, 26]","[1.0, 0.0, 0.9615384615384616, 0.14107883817427386]","[0.05526315789473684, 0.038461538461538464, 0.048507462686567165, 0.08405999302406697]"
40-60,"[1035, 1035, 1035, 1035]","[129, 54, 175, 860]","[906, 981, 860, 175]","[1.0, 0.0, 0.8457142857142858, 0.12093023255813953]","[0.3394736842105263, 0.2967032967032967, 0.32649253731343286, 0.2999651203348448]"
80+,"[439, 439, 439, 439]","[50, 19, 66, 373]","[389, 420, 373, 66]","[1.0, 0.0, 0.8939393939393939, 0.13672922252010725]","[0.13157894736842105, 0.1043956043956044, 0.12313432835820895, 0.13010115102895012]"
0-20,"[8, 8, 8, 8]","[4, 0, 4, 4]","[4, 8, 4, 4]","[1.0, 0, 1.0, 0.25]","[0.010526315789473684, 0.0, 0.007462686567164179, 0.0013951866062085804]"
