Category,Total,Positive,Negative,GAP,Percentage
M,"[1668, 1668, 1668, 1668]","[104, 137, 230, 1438]","[1564, 1531, 1438, 230]","[0.0, 0.0, 0.004347826086956522, 0.9972183588317107]","[0.4297520661157025, 0.5708333333333333, 0.5, 0.4745874587458746]"
F,"[1822, 1822, 1822, 1822]","[138, 103, 230, 1592]","[1684, 1719, 1592, 230]","[0.6014492753623188, 0.0, 0.49130434782608695, 0.5766331658291457]","[0.5702479338842975, 0.42916666666666664, 0.5, 0.5254125412541254]"
