sex,slvh,dlv,composite,no_finding
F,1.0,0.0,1.0,0.0
M,1.0,0.0,0.778169014084507,0.2480995162404976
