age_decile,slvh,dlv,composite,no_finding
0-20,,,,0.5
20-40,0.0,0.0,0.25,0.6730769230769231
40-60,0.41379310344827586,0.0,0.20512820512820512,0.7771618625277162
60-80,0.2926829268292683,0.0,0.2324561403508772,0.8285907859078591
80+,0.41818181818181815,0.0,0.40625,0.6484375
