sex,slvh,dlv,composite,no_finding
F,0.6014492753623188,0.0,0.49130434782608695,0.5766331658291457
M,0.0,0.0,0.004347826086956522,0.9972183588317107
